id;first_name;last_name;email;gender;ip_address
1;Michael;Armstrong;marmstrong0@creativecommons.org;Male;213.82.122.166
2;Craig;Roberts;croberts1@com.com;Male;149.239.224.116
3;Anne;Cruz;acruz2@jigsy.com;Female;109.108.241.242
4;Peter;Ross;pross3@examiner.com;Male;15.141.92.56
5;Jeremy;Gordon;jgordon4@nba.com;Male;130.127.71.8
6;Victor;Collins;vcollins5@dion.ne.jp;Male;223.228.201.255
7;Marie;Olson;molson6@xinhuanet.com;Female;109.155.190.39
8;Joshua;Garcia;jgarcia7@japanpost.jp;Male;111.90.207.137
9;Mildred;Peters;mpeters8@state.tx.us;Female;165.222.196.125
10;Jennifer;Hill;jhill9@latimes.com;Female;64.57.46.44
11;Brandon;Clark;bclarka@mlb.com;Male;12.27.36.197
12;Charles;Ray;crayb@usda.gov;Male;79.202.34.106
13;Virginia;Dunn;vdunnc@hhs.gov;Female;198.74.198.11
14;Timothy;Martin;tmartind@arstechnica.com;Male;249.193.107.106
15;Annie;Shaw;ashawe@businesswire.com;Female;178.217.216.116
16;Marie;Gonzales;mgonzalesf@360.cn;Female;174.203.25.73
17;Frances;Wallace;fwallaceg@reverbnation.com;Female;89.170.34.222
18;Angela;Lee;aleeh@github.com;Female;7.151.53.145
19;Jerry;Cole;jcolei@goo.ne.jp;Male;248.248.109.169
20;Brenda;Warren;bwarrenj@moonfruit.com;Female;23.205.169.129
21;Harold;Austin;haustink@wikipedia.org;Male;151.63.206.63
22;Margaret;Walker;mwalkerl@odnoklassniki.ru;Female;172.174.23.205
23;Harold;Frazier;hfrazierm@rakuten.co.jp;Male;254.237.197.128
