id,first_name,last_name,email,gender,ip_address
1,Frank,Austin,faustin0@elpais.com,Male,251.211.160.135
2,Harry,Gomez,hgomez1@rambler.ru,Male,250.93.125.213
3,Terry,Richards,trichards2@blogtalkradio.com,Male,126.163.253.168
4,Benjamin,Hansen,bhansen3@businessinsider.com,Male,136.110.247.5
5,Deborah,Cox,dcox4@archive.org,Female,11.74.99.167
6,Johnny,Ford,jford5@slideshare.net,Male,19.170.111.11
7,Kathy,Burns,kburns6@goo.gl,Female,186.62.136.206
8,Angela,Porter,aporter7@dion.ne.jp,Female,136.78.132.211
9,Christine,Edwards,cedwards8@hostgator.com,Female,162.197.153.233
10,Judy,Thompson,jthompson9@npr.org,Female,87.65.102.96
11,Steve,Rogers,srogersa@list-manage.com,Male,193.71.100.85
12,Louise,Walker,lwalkerb@360.cn,Female,144.81.254.156
13,Gregory,Jackson,gjacksonc@deviantart.com,Male,49.76.139.211
14,Carol,Howard,chowardd@fema.gov,Female,210.140.241.83
15,Bruce,Cunningham,bcunninghame@github.io,Male,48.115.25.242
16,Lois,Watson,lwatsonf@nationalgeographic.com,Female,196.96.11.124
17,Brandon,Wagner,bwagnerg@amazon.co.jp,Male,191.20.118.245
18,Kenneth,Mason,kmasonh@purevolume.com,Male,92.147.212.243
19,Michelle,Kennedy,mkennedyi@devhub.com,Female,3.52.198.103
20,Louis,Henry,lhenryj@bloglines.com,Male,206.245.228.18
21,Russell,Chapman,rchapmank@feedburner.com,Male,94.183.115.217
22,Alan,Lawrence,alawrencel@squidoo.com,Male,66.79.139.40
23,Chris,Baker,cbakerm@china.com.cn,Male,173.74.85.12
